"Awon",207925,33UusuP8H9JhnTfUD4JeKf,"Escaping Youth",1526427739.495
"Tennyson",271333,4l6Ni4ym9y3am94yvuKHcY,"Lay-by",1526427473.201
"Wale",302546,5tZmLjU4vhPlJb12IweZuB,"Ambition - feat. Meek Mill & Rick Ross",1526427175.639
"Isaiah Rashad",426996,01wKeKPgYxdPYA8rfMveYc,"Shot You Down (feat. Jay Rock & ScHoolboy Q)",1526426753.715
"Saito",113514,15ZK7jqd5QxlR31v9tJgWs,"Relax Your Mind",1526426645.185
"eevee",99308,4LPZzw2tVHWVb1ztHiGdvK,"borders",1526426550.888
"Anderson .Paak",199346,2UYPFtrIIaIQdxLCaFwjFu,"Without You",1526426357.619
"Isaiah Rashad",423170,2eYY43d0V17SxOX0g7sBAD,"Stuck in the Mud (feat. SZA)",1526426135.26
"DRAM",217826,7yAAFi8NnEAu8Go9aBu0Jg,"Sweet Va Breeze",1526425912.261
"A$AP Rocky",227426,0rBMP6VVGRgwnzZCLpijyl,"Canal St.",1526425675.359
"Curren$y",174811,2Y43URuI8xl1upm0dcUnC6,"Welcome",1526425505.5
"Mir Fontane",91195,7HIQRlIXD9BodpZCjrfbo1,"Kenwood Ave.",1526425419.318
"Blu & Exile",248758,73J9c2eypnv5b78aIEo6Qz,"Growing Pains (feat. Johaz & Fashawn)",1526425176.678
"Ghostface Killah",215906,7mvZp0gsp7DywHtV5eoLUC,"Big Girl",1526424960.94
"Kendrick Lamar",324533,2PieESXphabz5AkALFS08X,"The Art of Peer Pressure",1526424612.622
"Nas",217826,1Ci9DKKocAciiLJPN3QikK,"Still Dreaming",1526424387.979
"Foxygen",253226,0CgErl5Gg9GzmlEjEhukGU,"Follow the Leader",1526424279.007
"Action Bronson",280160,7gDwRzJhLs0fFHaGtMDJVM,"Baby Blue (feat. Chance the Rapper)",1526424003.83
"Chicano Batman",207720,2akzXyt7EnYgDd7WSkqZts,"Passed You By",1526423802.231
"HOMESHAKE",215335,6BLLIBwjOGQwec6vcXwct3,"Khmlwugh",1526423613.099
"Galimatias",214909,1hgVBq83CWNGuNLmkSGO2C,"Ocean Floor Kisses",1526423403.198
"Phoenix",244813,4VJW5Aj2hBZx95JVi6AzNN,"Chloroform",1526423164.473
"L'Indécis",185180,6s3nF4cPHbVJwDB3Ra6IuJ,"Le Sud",1526422960.943
"Bilal",179631,1KHdXgBdPvihVRLO1EM25z,"I Really Don't Care",1526422751.856
"Metronomy",192786,6TdITECo4Wyt8ZjuSZ6AnQ,"Nights Outro",1526422551.467
"Quasimoto",163413,5HjXHLruir1Av0gpuiwVmq,"Catchin' The Vibe",1526422394.202
"Madvillain",67520,685wafKZSIbPoZeuzDvcWs,"Bistro",1526406690.625
"Samiyam",187280,10DQNYFQ7rTH8r9tvEZ4ZO,"What Can I Do",1526406487.368
"Dom Kennedy",250423,5SNKVs6NDmZfayWsFMFj93,"On My Hometown / Nobody Else",1526405673.27
"Jay Rock",200720,1oAmBK4NtTlQQHVdTNPl6y,"Necessary",1526405480.638
"Quasimoto",163413,5HjXHLruir1Av0gpuiwVmq,"Catchin' The Vibe",1526405394.91
"Granata",184167,0sAtwVD52Qf7qMPluFmhR6,"Flamingos",1526405354.879
"Knxwledge",66206,3mdxBW35CvdfEbdFBjqWwS,"noflowrs[instrw]",1526405275.331
"Knxwledge",97108,6bvLGK66JBU3zBWtJYZ3uM,"jstowee",1526405181.417
"Knxwledge",103633,19Iom57aNtvBP5hDnioxMA,"mylife",1526405081.531
"Curren$y",279333,4b5aWF2FngmnDprxK7AyCh,"Fetti",1526364505.799
"J. Cole",239880,2GnE8rMDgfWBwGmwrUbCsQ,"Caged Bird",1526364261.659
"Calez",229616,0MZuJcPrGNzu3TVxafDMyB,"Play First",1526364032.313
"MED",239786,6mBbycgdWgHMPNyJLCEoW6,"Drive In",1526358115.615
"Quasimoto",163413,5HjXHLruir1Av0gpuiwVmq,"Catchin' The Vibe",1526357955.861
"Isaiah Rashad",232571,71lyUtIPCMAYjTwwwxy2jW,"4r Da Squaw",1526357727.111
"Madlib",236306,5bx0tMIUHBVBtfcZjo2iab,"Slim's Return",1526356471.008
"Jay Rock",200720,1oAmBK4NtTlQQHVdTNPl6y,"Necessary",1526356274.51
"NxWorries",174866,4F07ku5lMBIoybFPStM2j4,"Suede",1526356082.412
"Knxwledge",73897,0uOCcuZWM1XbZFqf9dkxLG,"kometostai.aintreallynootherwaytoputitro",1526355973.636
"Dom Kennedy",261176,3elZjWWqIVijinJPXVzO4E,"Graduate",1526355716.848
"Earl Sweatshirt",127413,43tVqovviXhkmOV5LOkTn7,"Burgundy",1526355518.85
"CyHi The Prynce",260453,6NvSxE4pfP7TcD1OhGgaZW,"Dat Side",1526355262.541
"Bluestaeb",226008,0YvBlBV8C8xkAaw1Nk1V0a,"Where You Goin'",1526355207.435
