"Warm Brew",260626,6DBbZFFRNHAjJUj2KbMQ0G,"I Swear (feat. Buddy)",1526579269.555
"Evil Needle",184032,7pYRJC4ALLBwW2F5cN04CB,"Moodolude 05",1526579090.559
"Monte Booker",186010,4BwYO9Bbl2EP7L8nuLPm8M,"May (feat. Ravyn Lenae)",1526578909.528
"Chaz Bundick Meets The Mattson 2",402993,2z4JYKZDLlFziglbMBKce0,"JBS",1526578512.757
"Madvillain",150520,1P3eYnB5KiF4S2qZ7iQnOP,"Raid",1526531368.353
"Action Bronson",239466,3clX2NMmjaAHmBjeTSa9vV,"Actin Crazy",1526531079.732
"Madlib",248026,0V8tWmF7xVw4WnMUcLoBma,"Peroxide",1526531034.11
"Statik Selektah",214293,2MkFXCcdvVl0LkZmFQ5vYK,"Bird's Eye View",1526530782.492
"Illa J",140689,242xSYKIw1ZUF1lopmUwyk,"Sam Cook",1526530644.975
"Curren$y",277394,64HuyPl1Nkl2aDPLrADL3K,"Long as the Lord Say",1526530370.784
"Isaiah Rashad",426996,01wKeKPgYxdPYA8rfMveYc,"Shot You Down (feat. Jay Rock & ScHoolboy Q)",1526529946.962
"Large Professor",208866,3ipzZgH1766XXRamVwk1Iw,"I Juswanna Chill",1526529742.432
"Universal Togetherness Band",330853,0vnms8M4jYsDlA5MT8GcCV,"Ain't Gonna Cry",1526529351.293
"Summer Salt",310879,0vbwHDmP0pCZj62FHZuHro,"Going Native",1526529202.473
"Chicano Batman",244000,0r1sOGFlp5or50ez2NQr95,"Freedom Is Free",1526528917.605
"Yellow Days",250633,0jWHVt7QkVRWCj2Sw2Ncl3,"Your Hand Holding Mine",1526520513.746
"Beach Fossils",158474,15eduSFXnQfnQvcmWHDBPi,"Down the Line",1526520360.288
"Mick Jenkins",111727,3ZBHejllElWI91k11yVoja,"Thc",1526520253.606
"Decap & Brady Watt",160405,17prKj790SV3s6n5ZoMEyg,"Dynasties Long Fled",1526520099.259
"Mike WiLL Made-It",234022,2w7CXqA8SonrkEC74zuBVM,"Grown up Fairy Tales (feat. Chance the Rapper & Jeremih)",1526520067.209
"eevee",98461,2q3CORdIL4VD2nZpjvOzKl,"moan",1526519973.722
"Lou Phelps",233311,7AewiR0SOgfi8AXBnQz6Ih,"Average (feat. Kallitechnis)",1526519729.298
"20syl",264615,1nS11tbouDeynmAjYDlojd,"Dust Clouds",1526519469.661
"Kanye West",324226,0RuJD7YfBO2gvj6smWkAgR,"Spaceship",1526518945.064
"Khüdósoul",191686,76tmOyFy5UnCdh1oaXorTL,"Low Maintenance (Khüdósoul & Flamingosis)",1526517250.565
"Kanye West",221226,3KUpGMnZL76I9E7FoWV1re,"Through The Wire",1526517035.469
"Curren$y",193734,2OuPR1aeHm3oZcvjarDDow,"Paper Habits",1526516825.007
"A$AP Rocky",255253,6br4Pc0BzU6dTD5fEmks2i,"Electric Body",1526516574.735
"Madvillain",150520,1P3eYnB5KiF4S2qZ7iQnOP,"Raid",1526516429.201
"UGK",332693,2D17BM8aaVbLPlYLBmUhUp,"Feds In Town",1526516101.509
"Wildhood",275603,3NqNby48C4JqujvdMKNN2T,"Star Fucker",1526515830.957
"Jerreau",187601,0pn8eHCvZsBAF9Y9wfv4rt,"Really Got It",1526515594.525
"Gang Starr",221626,7Guni9Kv4cxajoglZLzfuN,"Above The Clouds",1526515378.963
"Euroz",266945,5TMvYd3LXjSOxIk2rF8IKx,"Expensive Thoughts",1526514507.633
"Ta-ku",59268,7EXv6YemPlpZGRBVb63Sjw,"Chop",1526514453.343
"Action Bronson",289492,6bj42Hzr3RErxhfgSTdSx6,"Terry",1526511668.01
"Evil Needle",143448,1BzieLRofBXPu929krCMF4,"Outro",1526511498.087
"Chaz Bundick Meets The Mattson 2",402993,2z4JYKZDLlFziglbMBKce0,"JBS",1526511101.189
"Knxwledge",91997,6ZWzQPOoU4mYcSvhoDzAKM,"shuremng",1526511053.345
"Quelle Chris",213000,7sij1RXUTjEBZEkGGtWgxR,"Popeye",1526510828.337
"Quasimoto",202506,5pxtdhLAi0RTh1gNqhGMNA,"Real Eyes",1526510712.911
"J Dilla",99600,0j02Ya49k7gkbYy78yy3cF,"Last Donut Of The Night",1526510144.416
"Knxwledge",96025,1qtjEJGrStf2OtAjCDyJmm,"rant'n",1526510053.402
"TOKiMONSTA",146441,60GuVaeCAhrlPJypnRYg2F,"Gamble",1526509912.018
"Flying Lotus",164640,4GtN7yHlsvQanJfp2Qzw1A,"Zodiac Shit",1526509753.43
"Mndsgn",170834,2B43ekIFOiZldzPHCkMNvM,"Fif Dim",1526509614.326
"Knxwledge",94825,2ZYGjuocjBShtbFNV7ehPh,"Kanaloap(Layte)",1526509524.513
"J Dilla",65173,4F3Q6wO57RKmj9APhAswEs,"Gobstopper",1526509465.417
"TOKiMONSTA",210448,3kqsetsOxWWCkE3UrbZCGV,"Realla",1526509414.734
