"Curren$y",201000,2JYAaJNFgpDsaIbaOeGYPu,"Famous",1524772451.382
"lojii",138202,4fIGn62i1gtuzsi9Bzgxed,"due rent",1524772300.164
"Greg Grease",253613,3TfIVyEPDyae0gOdNOvj28,"C.R.E.a.M. Dreams",1524772050.807
"J. Cole",200309,5S9alBPKlNUOeXHJXiqeSx,"Kevin’s Heart",1524770073.909
"Curren$y",204930,1mmeFNd0C1DIWc2shOO7Ht,"The Day",1524769872.172
"Curren$y",186070,4mK0JRfaDrdNpYDPV6SFHp,"Lemonade Mimosas",1524769689.98
"Chicano Batman",229381,2wsW7FXHByxfP6Qzwf4iaj,"Black Lipstick",1524769433.972
"Chicano Batman",275053,4P9qJdsEiLntnK2LWJEq0u,"Para Agradecer",1524769147.738
"The Lemon Twigs",221213,7sjYzHb6IEQelfcG52hM28,"I Wanna Prove to You",1524769105.054
"Good Morning",240000,1TquBahz02HCaxj8jy5tTo,"Cab Deg",1524768938.645
"Chicano Batman",268160,2TtfZ8mzvb45VzPvzOatjr,"Stoned Soul Picnic",1524768673.67
"Cosmo Pyke",270926,2RGe02P8xxSF9syj0ltPjX,"Chronic Sunshine",1524768356.232
"Jerry Paper",256625,7abPXehMoF3iV4LJddq8ar,"Kill the Dream",1524768103.537
"Menahan Street Band",202240,05XedNyvUE7bL6xFYTci1z,"Home Again!",1524767993.83
"Durand Jones & The Indications",193047,3Z0epmsclK6FPvIfCpPWtE,"Groovy Babe",1524767867.453
"Neon Indian",242706,0O3YOl3BI4iKDByiTNvk1a,"Deadbeat Summer",1524767627.926
"Chicano Batman",255960,6rpi77GqamZNoltbZ5ksdi,"Cycles of Existential Rhyme",1524767376.052
"Chicano Batman",207720,2akzXyt7EnYgDd7WSkqZts,"Passed You By",1524767104.568
"Chicano Batman",288333,43ouKEbDr397DJEd0Oe2ap,"Run",1524766838.584
"Chicano Batman",244000,0r1sOGFlp5or50ez2NQr95,"Freedom Is Free",1524766213.553
"LCD Soundsystem",536471,2cmRpmO04TLaKPzmAzySYZ,"Dance Yrself Clean",1524766011.223
"LCD Soundsystem",335480,5rAff9XfcWx7rguN3t0fkW,"New York, I Love You But You're Bringing Me Down",1524765679.448
"Wiki",291844,035kaqEaMGm8XaODrMJV9C,"Made for This",1524714339.505
"CRIMEAPPLE",314850,1hxAzHrsJnYVilnhmL5ugj,"Milk & Ladyfingers",1524713999.605
"Curren$y",204930,1mmeFNd0C1DIWc2shOO7Ht,"The Day",1524713799.64
"Curren$y",186070,4mK0JRfaDrdNpYDPV6SFHp,"Lemonade Mimosas",1524713613.351
"Freddie Gibbs",513706,29jgfjIukptSw79lbtN9bE,"Piñata (feat. Domo Genesis, G-Wiz, Casey Veggies, Sulaiman, Meechy Darko, Mac Miller)",1524710692.494
"Mac DeMarco",231723,1MJ5f5EYBC92ADD6xcz7nb,"Chamber Of Reflection",1524710444.692
"Chicano Batman",244000,0r1sOGFlp5or50ez2NQr95,"Freedom Is Free",1524710205.048
"ScHoolboy Q",325600,3yg7fx2DVjbQRLoROq3wA8,"Kno Ya Wrong",1524709866.986
"J. Cole",200309,5S9alBPKlNUOeXHJXiqeSx,"Kevin’s Heart",1524709669.824
"lojii",138202,4fIGn62i1gtuzsi9Bzgxed,"due rent",1524709536.036
"Insight The Truncator",317187,2U8CFN38XWBeoB5O1WHtWh,"All Human",1524709392.631
"SmooVth",167991,6EwwKXzuZULjsPtDNog5hh,"Amends",1524709204.202
"SmooVth",168284,5y9oau4GJvfat9Kyslr5ze,"Ashes (feat. Planet Asia)",1524709039.183
"SmooVth",152353,0P67wOaFh8rElBvciD8IWF,"The Inevitable",1524708890.074
"SmooVth",191451,7jbN0Ge5P6Fjis6Frke2mM,"I'm the King (feat. Marvelous Mag)",1524708702.69
"Koncept Jack$on",269087,7ITWWBhjOgs3uB7LxdG4f5,"King Shit / Red Light in Rio",1524708601.06
"Koncept Jack$on",236538,6RQl8JcRMWoXrvCnk4b9Qo,"Alexus / 001uppance.",1524708365.386
"Koncept Jack$on",189675,22wbKQo6jH06dmvaxNp9xH,"A'intshitnggas (Part II)",1524708160.62
"Koncept Jack$on",162768,6tk5seOFAnEANlLJHX12C8,"Genie.Buss (Aloof Complex)",1524708027.607
"B. Cool-Aid",93960,59O5mi6kbwPXPIypQuVGsf,"chillen.",1524707938.618
"B. Cool-Aid",218682,5ZNP4Uj80iN8DyKNBabk5e,"teach",1524707888.442
"Curren$y",186070,4mK0JRfaDrdNpYDPV6SFHp,"Lemonade Mimosas",1524707658.365
"Curren$y",277394,64HuyPl1Nkl2aDPLrADL3K,"Long as the Lord Say",1524707384.092
"Curren$y",204930,1mmeFNd0C1DIWc2shOO7Ht,"The Day",1524707183.409
"Curren$y",201000,2JYAaJNFgpDsaIbaOeGYPu,"Famous",1524706965.541
"CRIMEAPPLE",187245,09dEG6NsAJ6fGQaEa5sU1j,"The Cookout",1524699414.687
"CRIMEAPPLE",201363,3vE5nxe7KmONIIEiAoiUxn,"Alleluia",1524699378.689
