"lojii",138202,4fIGn62i1gtuzsi9Bzgxed,"due rent",1525232630.46
"Koncept Jack$on",189675,22wbKQo6jH06dmvaxNp9xH,"A'intshitnggas (Part II)",1525232444.95
"Curren$y",186070,4mK0JRfaDrdNpYDPV6SFHp,"Lemonade Mimosas",1525232226.146
"Maxo Kream",250037,5nVK2UTeK0vJYePgxOjFPz,"Work",1525231927.484
"IDK",243556,4TbUsJF8DbbFJLIbpIkr2k,"Pizza Shop Extended (with Yung Gleesh, DOOM & Del The Funky Homosapien)",1525231811.365
"A$AP Mob",255413,6kl1qtQXQsFiIWRBK24Cfp,"RAF",1525213078.547
"Maxo Kream",240000,2HX1f7OxMgGHa44IMSAEx5,"Cell Boomin",1525212931.057
"Curren$y",233978,3f8AqU9Z0iy873w6rXwrzc,"Speculation",1525212786.078
"Pouya",203294,4zoYSZrDb3EUPWlDi2OwAC,"Great Influence",1525212721.145
"A$AP Mob",258880,3u9HxfcMCFYwJ2R0nkpDWV,"Young N***a Living",1525212419.857
"Maxo Kream",250037,5nVK2UTeK0vJYePgxOjFPz,"Work",1525212144.294
"IDK",243556,4TbUsJF8DbbFJLIbpIkr2k,"Pizza Shop Extended (with Yung Gleesh, DOOM & Del The Funky Homosapien)",1525212009.337
"Curren$y",186070,4mK0JRfaDrdNpYDPV6SFHp,"Lemonade Mimosas",1525138329.507
"Maxo Kream",250037,5nVK2UTeK0vJYePgxOjFPz,"Work",1525132170.54
"IDK",221500,0drzZsXxOkIzu3Zny72fgk,"Boy's Innocence (feat. Fat Trel)",1525131953.039
"IDK",243556,4TbUsJF8DbbFJLIbpIkr2k,"Pizza Shop Extended (with Yung Gleesh, DOOM & Del The Funky Homosapien)",1525131804.387
"Khary",195917,1ufRLRIkjUvFTivdmCdOd5,"Internlude",1525124210.423
"EMEFE",171053,5nmXuJOBhAAcreDwD4dbZM,"Stutter",1525123999.766
"20syl",208076,2MRofZYBy6THvuwW0E5rKW,"Bet Dap Goom Bown",1525123796.447
"Mt. Marcy",73585,5j0Ib2sSrUH2pMeHQvDLCn,"Greem (Intro)",1525123723.728
"o k h o",86785,3TjsCNtkD0UCACHrilf8o6,"Add Sugar",1525123626.169
"Odd Future",636213,53dkS3h9uTNsWYZTPacnpx,"Oldie",1525122996.079
"Saba",244482,5DpiEEjTiQp1P1eJeduSR2,"Church / Liquor Store",1525122754.741
"Mecca:83",144048,2oRJH5umfbboE1JWMUG5TI,"Loungin",1525122585.084
"Odd Future",202066,67nRofeeMvysUeO4FxB6tL,"Sam (Is Dead)",1525122389.114
"Koncept Jack$on",189675,22wbKQo6jH06dmvaxNp9xH,"A'intshitnggas (Part II)",1525122187.023
"Drake",328573,3cBUv0RIoEyAm2b7qimEY6,"Thank Me Now",1525121876.835
"Wale",302546,5tZmLjU4vhPlJb12IweZuB,"Ambition - feat. Meek Mill & Rick Ross",1525121571.544
"Awon",207925,33UusuP8H9JhnTfUD4JeKf,"Escaping Youth",1525121328.04
"Curren$y",186070,4mK0JRfaDrdNpYDPV6SFHp,"Lemonade Mimosas",1525121148.031
"Isaiah Rashad",210061,66UI237YMw6AL6S72FGKND,"AA",1525120916.436
"Black Moon",255200,4sAHukt0TkE08mpMNgNwcp,"I Got Cha Opin",1525120116.131
"Curren$y",212076,1wzXGFJ3CQobC3KKyYBRZz,"Stoned On Ocean",1525119896.626
"A Tribe Called Quest",234626,4tEaytMs86hIaOSsiGoLcP,"Excursions",1525119630.507
"The Alchemist",221213,6avaaa2YF30NnYSoiy8R2Q,"Terry",1525119372.405
"Mild High Club",272950,0Hj5n2RMrcpa1NhamwCTuk,"Chapel Perilous",1525119083.773
"Blakface x SeanWyze",240001,3vWGiqCTp02FVMDgqjr3eN,"Stars",1525119035.644
"Freddie Gibbs",304546,7gDuP7JHRP6A9zwbTIA5gF,"Robes (feat. Domo Genesis, Earl Sweatshirt)",1525118812.171
"Curren$y",174811,2Y43URuI8xl1upm0dcUnC6,"Welcome",1525118643.433
"IDK",243556,4TbUsJF8DbbFJLIbpIkr2k,"Pizza Shop Extended (with Yung Gleesh, DOOM & Del The Funky Homosapien)",1525118491.615
"IDK",176685,5FYv78nwyxXzFl3C6zy5BB,"Maryland Ass Nigga (with Swizz Beatz)",1525118338.201
"CyHi The Prynce",274040,1iHqWpiDOtqokGsKi0aQB6,"Trick Me",1525118144.55
"Caleborate",304334,4niRrp39CygYumwRv2QnaV,"Kale",1525117846.289
"Yung Simmie",172042,48evRzLh64v77QF2NQeTNr,"Underground King",1525117686.914
"Jay Rock",283751,2SIdGJTWirTxRNEyCp9ocI,"Vice City (feat. Black Hippy)",1525117409.234
"Rapsody",447266,0oz3Beex42DL7nabhLknBd,"Nobody",1525117366.122
"Maxo Kream",250037,5nVK2UTeK0vJYePgxOjFPz,"Work",1525117122.175
"IDK",221500,0drzZsXxOkIzu3Zny72fgk,"Boy's Innocence (feat. Fat Trel)",1525116895.279
"IDK",243556,4TbUsJF8DbbFJLIbpIkr2k,"Pizza Shop Extended (with Yung Gleesh, DOOM & Del The Funky Homosapien)",1525116716.757
