"Freddie Gibbs",248413,1yeTf9ZUaNlJ7637FJLtRa,"Broken (feat. Scarface)",1524621551.054
"Freddie Gibbs",513706,29jgfjIukptSw79lbtN9bE,"Piñata (feat. Domo Genesis, G-Wiz, Casey Veggies, Sulaiman, Meechy Darko, Mac Miller)",1524621381.856
"AKTHESAVIOR",199365,1WcwRRRaRSjwiVUJpgBu7m,"Melting Amethyst",1524621188.602
"J. Cole",200309,5S9alBPKlNUOeXHJXiqeSx,"Kevin’s Heart",1524620980.888
"Bugseed",82647,403SoB5RK59MkWQpeMRJLR,"O-hashi 2",1524616932.805
"MED",239786,6mBbycgdWgHMPNyJLCEoW6,"Drive In",1524616760.093
"Erykah Badu",238733,7pv80uUHfocFqfTytu1MVi,"Didn't Cha Know",1524616513.986
"Thundercat",188385,5dcZUsgcMW57ju0A379O7c,"Them Changes",1524616297.08
"Kanye West",324226,0RuJD7YfBO2gvj6smWkAgR,"Spaceship",1524615961.686
"Vritra",153808,0bOsBr9EKSpJnsJaVF9f6l,"224 - Mndsgn Remix",1524615812.089
"J. Cole",216706,3YpZCyr3OOQsASKaUUzrQ2,"ATM",1524615576.333
"Knxwledge",140172,1giYJQMmdnoLRLln48Umxj,"LastsFurst",1524615420.191
"J. Cole",200309,5S9alBPKlNUOeXHJXiqeSx,"Kevin’s Heart",1524615223.064
"J. Cole",200309,5S9alBPKlNUOeXHJXiqeSx,"Kevin’s Heart",1524615026.674
"Mick Jenkins",274825,7tkqxOV765aQ6s45fBijjt,"Vibe",1524612821.55
"The Game",235226,6Pfa5MzBYne2tZXj7XcPMz,"Mula (feat. Kanye West)",1524612640.369
"Jinsang",89437,4XTapkMqPyPXi9nkWEggSj,"Bliss",1524612555.901
"A$AP Rocky",270706,5oJ6pSfpV5HH9QBeXyNMjJ,"Suddenly",1524612290.98
"J. Cole",200309,5S9alBPKlNUOeXHJXiqeSx,"Kevin’s Heart",1524612081.732
"ScHoolboy Q",325600,3yg7fx2DVjbQRLoROq3wA8,"Kno Ya Wrong",1524611745.268
"Freddie Gibbs",513706,29jgfjIukptSw79lbtN9bE,"Piñata (feat. Domo Genesis, G-Wiz, Casey Veggies, Sulaiman, Meechy Darko, Mac Miller)",1524611373.018
"Isaiah Rashad",232978,2uRqJEudnHdYINvwmeaG9h,"Bday (feat. Deacon Blues & Kari Faux)",1524611140.375
"Idris Muhammad",310600,4YOhKKf8uV00LY7pvRqxQd,"Crap Apple",1524610822.793
"BadBadNotGood",247054,3ASXl6RsPDxZElS8Qmv2UB,"In Your Eyes",1524610551.469
"Isaiah Rashad",232571,71lyUtIPCMAYjTwwwxy2jW,"4r Da Squaw",1524610088.914
"Dave B.",204534,6kP92fKzIyVJtNobCRsZ6G,"Right Here",1524609889.376
"Dom Kennedy",261176,3elZjWWqIVijinJPXVzO4E,"Graduate",1524609633.227
"Fly Anakin",159023,0kcRmGKTVtbQIUQImtdJQu,"Mutant Vengeance",1524609479.24
"Quelle Chris",199250,07iyfOH8KsKz9Jo1iqm5Qr,"Birthdaze",1524609284.938
"AKTHESAVIOR",199365,1WcwRRRaRSjwiVUJpgBu7m,"Melting Amethyst",1524609090.61
"Dom Kennedy",198014,7yflDT7Hm2j9Y8BFqf5IqT,"Dream To Me",1524608898.707
"J. Cole",200309,5S9alBPKlNUOeXHJXiqeSx,"Kevin’s Heart",1524608675.022
"Greg Grease",253613,3TfIVyEPDyae0gOdNOvj28,"C.R.E.a.M. Dreams",1524608427.59
"Greg Grease",253613,3TfIVyEPDyae0gOdNOvj28,"C.R.E.a.M. Dreams",1524608171.479
"CRIMEAPPLE",240000,4ouQkak8DBTNd4pNSnjYap,"Thought You Should Know",1524607918.265
"lojii",138202,4fIGn62i1gtuzsi9Bzgxed,"due rent",1524607783.779
"Mac DeMarco",173117,2bOtPtzdNZMXxuAETyMSUt,"No Other Heart",1524597859.911
"J. Cole",200309,5S9alBPKlNUOeXHJXiqeSx,"Kevin’s Heart",1524597665.671
"Drake",233560,6BdgtqiV3oXNqBikezwdvC,"Over",1524597607.671
"Michael Christmas",279301,1Pq3Y2IbW0tJgO9EU3JUAE,"Not the Only One (feat. Tobi Lou)",1524597333.382
"Knxwledge",140172,1giYJQMmdnoLRLln48Umxj,"LastsFurst",1524597199.292
"Roc Marciano",206333,2S8232PutHMOJT3kuSATLh,"Sweet Nothings",1524596985.642
"DRAM",353011,3WsSVBM9oPmHlXjxKIKV59,"Outta Sight / Dark Lavender Interlude",1524596592.775
"Foxygen",201706,51XZD1FCrWyU3dDWJH4nzb,"Shuggie",1524596396.404
"Tyler, The Creator",179042,7er0EUMY653mxZ1NVD9mwQ,"FIND YOUR WINGS",1524596348.729
"Swim Mountain",228939,4qQFwn7DUSL3qV8psue32d,"Anyone",1524596124.818
"Ivan Ave",242413,2yqyHvg1tjhy0Ban31x7ih,"Find Me, Pt.2",1524595888.505
