"baaskaT",86000,5fDMSoh6h3hlSkRnTpHnRd,"Bittersweet",1525299243.389
"Erykah Badu",366693,58yWJFglBzvZ7Zao70lGtJ,"Fall In Love (Your Funeral)",1525298882.79
"Mac DeMarco",143080,4q0CeoDsBdFYCDDj3a6Jej,"Watching Him Fade Away",1525298725.943
"Curren$y",212076,1wzXGFJ3CQobC3KKyYBRZz,"Stoned On Ocean",1525298519.964
"Maxo Kream",250037,5nVK2UTeK0vJYePgxOjFPz,"Work",1525298261.056
"NxWorries",156133,18YB1U2346cnPCBAbmga8h,"What More Can I Say",1525291701.903
"Kota the Friend",212000,4RcHWKuRLtEm1OnxFA2r3E,"Nose Bleeds",1525291492.546
"Curren$y",238946,3IZLJpA5FugqynOBT2SeJy,"This Is The Life",1525291257.204
"GoldLink",176702,15EPc80XuFrb2LmOzGjuRg,"Crew",1525291130.448
"IshDARR",193071,45QAbhiq5ibQbFnWVS7TJH,"Too Bad",1525290941.492
"Isaiah Rashad",248488,0wfrsR4P16Zj4BeI5hyPO5,"Brad Jordan (feat. Michael Da Vinci)",1525290899.363
"Dom Kennedy",261176,3elZjWWqIVijinJPXVzO4E,"Graduate",1525290642.653
"Maxo Kream",250037,5nVK2UTeK0vJYePgxOjFPz,"Work",1525290366.02
"Quelle Chris",280000,55ZbuFRTjk80DlHhkCoBzf,"BS Vibes",1525285469.211
"Jeremiah Jae",179340,5wIqSqwe4qE85wCfLLbQcK,"Rockets",1525285398.826
"MF DOOM",279666,3naDDvqjwCTy6c1xZ1FV6d,"Beef Rap",1525285355.153
"Knxwledge",93062,7CsHddOHX0FLkkekPzUqx9,"3koin[s]",1525285268.172
"Madvillain",123760,0f4g2DEM4CKzyOGCWKRMmL,"3.214",1525285128.855
"Knxwledge",105179,61xhzNDgit98Mwcz6Rsgam,"OnToMe",1525285000.839
"Quasimoto",203880,0durMn2gzbkph0YNBParCu,"LAX To JFK",1525284895.973
"Roc Marciano",136923,3mBikKjlOuxhucjzcT3Q3V,"History",1525284708.706
"Knxwledge",140172,1giYJQMmdnoLRLln48Umxj,"LastsFurst",1525284554.173
"Mir Fontane",91195,7HIQRlIXD9BodpZCjrfbo1,"Kenwood Ave.",1525284442.38
"J. Cole",200309,5S9alBPKlNUOeXHJXiqeSx,"Kevin’s Heart",1525284248.164
"Greg Grease",253613,3TfIVyEPDyae0gOdNOvj28,"C.R.E.a.M. Dreams",1525283987.319
"lojii",138202,4fIGn62i1gtuzsi9Bzgxed,"due rent",1525283855.24
"Koncept Jack$on",189675,22wbKQo6jH06dmvaxNp9xH,"A'intshitnggas (Part II)",1525283645.118
"Curren$y",201000,2JYAaJNFgpDsaIbaOeGYPu,"Famous",1525283450.19
"Maxo Kream",250037,5nVK2UTeK0vJYePgxOjFPz,"Work",1525283190.145
"Greg Grease",253613,3TfIVyEPDyae0gOdNOvj28,"C.R.E.a.M. Dreams",1525232765.479
