"Idris Muhammad",516586,1xkOg49ZxldiM1ioIudwUS,"Could Heaven Ever Be Like This",1525815953.449
"L'Orange",207255,3KoTObJFtXaL1HRERR9M15,"Underworld",1525815860.802
"Hailu Mergia",408280,52AUkY3eBz7b6BS2WXv1Uq,"Sintayehu",1525815457.525
"Pamoja",216960,5dP8lrOOdWGKcXyHvQ2x87,"Oooh Baby",1525815246.706
"Twit One",143420,18XtEni4Kjo7KEM91jQlE2,"Ymagyne",1525815182.426
"Twit One",99209,5RsH8PkQ4B3Z1awvOdrK6a,"Roy Roy",1525815089.285
"Shabazz Palaces",161741,4UIfBRnJoiGeQhBec0mHm0,"Shine a Light",1525814946.2
"Oh No",172663,2LaY7tGSS6cahRMDe10Q6h,"Networth",1525814778.553
"Quelle Chris",278000,3wYvY9tqrToTCSWayi1ms0,"Shotgun (feat. Danny Brown, Roc Marciano)",1525814506.625
"Madlib",83746,6TAwZDLwL81yPzroJQk1FW,"Motorik Matching",1525814406.378
"Samiyam",181135,4x8jxmv7TMMlNHeC1yMtP3,"lord of the rings",1525814230.273
"Onra",116758,6Ns2JyCa5xtANadq8gJ67u,"Ms. Ho",1525814118.51
"Ras G",133297,4QJUW8VN6iBt4zkHblEUj2,"Today's Day",1525813990.211
"Jeremiah Jae",165796,2jdF7ADV440MSnoUOTHzc8,"Anakin's Fall",1525813830.491
"Quelle Chris",229554,4nyrIT5pwVxbIsVg00hPyU,"Well Running Deep",1525813613.999
"Oh No",203783,5Kjlx9rIrT6eOnrZIJYbL0,"Tears on My Nautica",1525813416.275
"Gonjasufi",186200,2iN3sND7JNguttGbuyr8pe,"Duet",1525813350.139
"Madlib",238506,5mUNFqUbA1bY9l1qT9tyHT,"Distant Land",1525813116.648
"Samiyam",143231,4aMQF9lO4bGHrLI66geI8E,"Italy",1525812979.482
"Samiyam",143231,4aMQF9lO4bGHrLI66geI8E,"Italy",1525812823.805
"Anti-Lilly & Phoniks",200829,3oNn2Qg40BPekTa4zxpSp2,"Blue in Green",1525644732.138
"Roy Ayers",286533,4kltiVelGMzmWBgVGFeV9f,"Liquid Love",1525644449.902
"Kiki Gyan",416800,1np1H7mh6iUZhdBhkh3QIo,"Disco Dancer",1525644117.775
"Universal Togetherness Band",330853,0vnms8M4jYsDlA5MT8GcCV,"Ain't Gonna Cry",1525643790.072
"Nujabes",194293,0fbnqrpTlUdy0PUwMdU8Pl,"City Lights (feat. Pase Rock & Substantial)",1525643599.185
"Samiyam",187280,10DQNYFQ7rTH8r9tvEZ4ZO,"What Can I Do",1525643376.402
"Kota the Friend",266000,2DvYDD4yQTOHjrzocDq9x4,"Her",1525643116.617
"Pac Div",262500,3Rrjyomlr30640f3t1ALnF,"Gorgeous",1525642921.374
"Domo Genesis",161653,1WsRuvitfegWXQJKRgRZrj,"Coming Back",1525569904.985
"Kanye West",238400,4R5bSS8yoCl2czeWLr61aO,"Diamonds From Sierra Leone - Bonus Track",1525569627.992
"$ilkMoney",236869,4bSwsbPYuBWEiwhAiHy8Ti,"The Fine Household (feat. Cyrax & Lord Linco) [Prod. by Shlohmo]",1525569368.979
"J. Cole",239880,2GnE8rMDgfWBwGmwrUbCsQ,"Caged Bird",1525569100.144
"Awon",261818,0Hu3jYwsIO8Srj2LUF93yf,"Certain Presence",1525568819.278
"Foxygen",253226,0CgErl5Gg9GzmlEjEhukGU,"Follow the Leader",1525568549.844
"Saito",67736,4MB4mxi6GFoT1bIStqbKpf,"When Your Waifus Suck My Lo-Fi D",1525568507.891
"Supreme Jubilees",185480,1KFtR58Hn1nQ9fR0DRnC9n,"It'll All Be Over",1525568326.606
"The Purist",181079,72TgoXc6ASwFQ11UuPqtgS,"Pimp Hand",1525568227.85
"Idris Muhammad",310600,4YOhKKf8uV00LY7pvRqxQd,"Crap Apple",1525567905.068
"Pamoja",216960,5dP8lrOOdWGKcXyHvQ2x87,"Oooh Baby",1525567691.664
"Kiki Gyan",568546,3VuMRYgkhSteigqPpDYkWm,"Loving You",1525566989.995
"Risco Connection",371875,79UEK0XYemip32SdLdAegB,"Ain't No Stopping Us Now - Unreleased Version",1525566620.811
"Darondo",195946,23LN1l3UQ4Qjg3YPzN8Yi7,"Luscious Lady",1525566430.663
"Lord Echo",375448,2tyFsuxYmVThdXA2iYZhcU,"The Sweetest Dub",1525566142.287
"Aged In Harmony",259005,4lKloQIUO0x89YmkuSFO8c,"Theme For Someone Special",1525565862.23
"Darondo",214733,0vFa82IcKVSAPDb1CL0grd,"I'm Gonna Love You",1525565636.526
"Idris Muhammad",516586,1xkOg49ZxldiM1ioIudwUS,"Could Heaven Ever Be Like This",1525565124.813
"Ann Robinson",128320,2XTfJqbQmUHihoznhxKSp0,"Sissy Walk",1525565002.594
"Lord Echo",257973,6LqFn0EeiFwRClMQzIhM2o,"Molten Lava (feat. Leila Adu)",1525564969.319
"Supreme Jubilees",185480,1KFtR58Hn1nQ9fR0DRnC9n,"It'll All Be Over",1525564788.775
