"Freddie Gibbs",248413,1yeTf9ZUaNlJ7637FJLtRa,"Broken (feat. Scarface)",1524696893.59
"Greg Grease",253613,3TfIVyEPDyae0gOdNOvj28,"C.R.E.a.M. Dreams",1524696644.961
"Wiki",291844,035kaqEaMGm8XaODrMJV9C,"Made for This",1524696358.114
"CRIMEAPPLE",240000,4ouQkak8DBTNd4pNSnjYap,"Thought You Should Know",1524696123.126
"lojii",138202,4fIGn62i1gtuzsi9Bzgxed,"due rent",1524695989.961
"J. Cole",200309,5S9alBPKlNUOeXHJXiqeSx,"Kevin’s Heart",1524695795.817
"leaf beach",115923,48aCeSbJJRpd28iN7e8NwK,"Backwoods",1524683765.207
"Goldenninjah",144953,5DbCSYCsqFPrdQLZGq5iVr,"Too Stoned to Cry",1524683696.094
"Smika",99310,46vwJ8ECwxffgCap3qA1G1,"Smoke",1524683608.858
"Smika",99310,46vwJ8ECwxffgCap3qA1G1,"Smoke",1524683569.282
"Made in M",84000,4LU0uQ98HCTS8aAIE1Spm4,"Planta",1524683411.557
"emune",91139,4XQddz9iKjaVEuAr6TRbnd,"Faded",1524683326.517
"Kreaem",125076,1au85B4kAG0XNhTEiT3qkg,"Hot Box",1524683264.41
"idntrmmbr",54000,678KqLQm7Csfd2YeLxhzNJ,"smoke.",1524683193.85
"wüsh",80823,3zMEmoAV5v60u7pyDNqrCH,"trees",1524683117.97
"[bsd.u]",108078,7IoVZ7yynM2uKQOTR0s0Ua,"french inhale",1524683016.009
"Saito",113514,15ZK7jqd5QxlR31v9tJgWs,"Relax Your Mind",1524682901.411
"Blended Babies",219435,58a6J0DhgpUYr8SUeUV5hP,"Make It Work (feat. Anderson .Paak, Asher Roth & Donnie Trumpet)",1524682688.036
"Kaiydo",240640,4MQXYnO0IP5wJbphK2elZW,"Reflections",1524682462.224
"Elements of Music",263628,5cfIibuUGxlrdXcNaWmAnQ,"Get Along (feat. Anderson .Paak & Blu)",1524682204.698
"Curren$y",279333,4b5aWF2FngmnDprxK7AyCh,"Fetti",1524682127.659
"NxWorries",106151,2VBMkgIQ2cT2uReXjniWsS,"Reali(the)nd",1524682026.524
"Curren$y",189000,1dVv3gEVfJPMLFV0h06YGa,"Anything",1524681842.51
