"Anti-Lilly & Phoniks",200829,3oNn2Qg40BPekTa4zxpSp2,"Blue in Green",1524870537.354
"Dom Kennedy",218698,7gYtzSmzGgpO0WygzfJroD,"Locals Only",1524870321.832
"Dom Kennedy",261176,3elZjWWqIVijinJPXVzO4E,"Graduate",1524870063.842
"Dom Kennedy",261176,3elZjWWqIVijinJPXVzO4E,"Graduate",1524869805.863
"Vic Mensa",220395,5O3RkxV98C4scNgom1Eaue,"Orange Soda",1524869588.651
"Dom Kennedy",198014,7yflDT7Hm2j9Y8BFqf5IqT,"Dream To Me",1524869393.85
"Greg Grease",253613,3TfIVyEPDyae0gOdNOvj28,"C.R.E.a.M. Dreams",1524869143.433
"Freddie Gibbs",219960,5QnxFSR9HJQPqCza567s92,"Knicks",1524868926.639
"Curren$y",279333,4b5aWF2FngmnDprxK7AyCh,"Fetti",1524868651.617
"Freddie Gibbs",513706,29jgfjIukptSw79lbtN9bE,"Piñata (feat. Domo Genesis, G-Wiz, Casey Veggies, Sulaiman, Meechy Darko, Mac Miller)",1524868290.713
"CRIMEAPPLE",314850,1hxAzHrsJnYVilnhmL5ugj,"Milk & Ladyfingers",1524867979.054
"Wiki",291844,035kaqEaMGm8XaODrMJV9C,"Made for This",1524867691.523
"AKTHESAVIOR",199365,1WcwRRRaRSjwiVUJpgBu7m,"Melting Amethyst",1524867497.588
"J. Cole",216706,3YpZCyr3OOQsASKaUUzrQ2,"ATM",1524867284.061
"CRIMEAPPLE",240000,4ouQkak8DBTNd4pNSnjYap,"Thought You Should Know",1524867047.238
"CRIMEAPPLE",314850,1hxAzHrsJnYVilnhmL5ugj,"Milk & Ladyfingers",1524866735.387
"Curren$y",201000,2JYAaJNFgpDsaIbaOeGYPu,"Famous",1524866534.109
"Vic Spencer",248000,4COMWozkXKYV3K04eznjwQ,"Carrot Juice (feat. Sulaiman)",1524866289.271
"Curren$y",204930,1mmeFNd0C1DIWc2shOO7Ht,"The Day",1524866087.539
"Curren$y",186070,4mK0JRfaDrdNpYDPV6SFHp,"Lemonade Mimosas",1524865904.372
"Vic Spencer",248000,4COMWozkXKYV3K04eznjwQ,"Carrot Juice (feat. Sulaiman)",1524865614.202
"Curren$y",204930,1mmeFNd0C1DIWc2shOO7Ht,"The Day",1524865365.001
"Curren$y",186070,4mK0JRfaDrdNpYDPV6SFHp,"Lemonade Mimosas",1524865164.599
"The Internet",148706,10SUWedx0zohs8M3OJpnA7,"Get Away",1524856406.399
"The Internet",189600,4WochDEizmmPZk0aQXfKHo,"Roll (Burbank Funk)",1524856216.996
"The Internet",189600,4WochDEizmmPZk0aQXfKHo,"Roll (Burbank Funk)",1524856118.484
"Curren$y",199923,2Lrp4tSV5tx31PVmaTRcmV,"Pilots",1524793221.693
"Dom Kennedy",175000,7yJ9mbJAexAKbfDfvoYm9y,"Erica Part 2",1524793071.473
"Monte Booker",186010,4BwYO9Bbl2EP7L8nuLPm8M,"May (feat. Ravyn Lenae)",1524792946.671
"Smoke Dza",255910,6efQ7Z9hjoP9uWxLtsTJ3C,"Dusk 2 Dusk",1524792690.801
"NxWorries",127760,42w2krVjv84O8clFzoIR91,"Kutless",1524792560.891
"Isaiah Rashad",330783,2RPbEp0DyBVlkRvvYKopO7,"Wat's Wrong (feat. Zacari & Kendrick Lamar)",1524792255.603
"Koncept Jack$on",189675,22wbKQo6jH06dmvaxNp9xH,"A'intshitnggas (Part II)",1524791543.965
"Curren$y",201000,2JYAaJNFgpDsaIbaOeGYPu,"Famous",1524791335.725
"Vic Spencer",248000,4COMWozkXKYV3K04eznjwQ,"Carrot Juice (feat. Sulaiman)",1524791093.799
"Curren$y",204930,1mmeFNd0C1DIWc2shOO7Ht,"The Day",1524790871.291
"Curren$y",186070,4mK0JRfaDrdNpYDPV6SFHp,"Lemonade Mimosas",1524785313.477
"CRIMEAPPLE",314850,1hxAzHrsJnYVilnhmL5ugj,"Milk & Ladyfingers",1524785192.764
"Vic Spencer",248000,4COMWozkXKYV3K04eznjwQ,"Carrot Juice (feat. Sulaiman)",1524784157.645
"Freddie Gibbs",219960,5QnxFSR9HJQPqCza567s92,"Knicks",1524779531.192
"AKTHESAVIOR",199365,1WcwRRRaRSjwiVUJpgBu7m,"Melting Amethyst",1524779335.911
"Wiki",291844,035kaqEaMGm8XaODrMJV9C,"Made for This",1524779045.055
"CRIMEAPPLE",240000,4ouQkak8DBTNd4pNSnjYap,"Thought You Should Know",1524778808.029
"Curren$y",201000,2JYAaJNFgpDsaIbaOeGYPu,"Famous",1524778586.605
"Curren$y",186070,4mK0JRfaDrdNpYDPV6SFHp,"Lemonade Mimosas",1524778403.794
"Isaiah Rashad",330783,2RPbEp0DyBVlkRvvYKopO7,"Wat's Wrong (feat. Zacari & Kendrick Lamar)",1524776429.853
"Freddie Gibbs",248413,1yeTf9ZUaNlJ7637FJLtRa,"Broken (feat. Scarface)",1524776167.704
"Curren$y",186070,4mK0JRfaDrdNpYDPV6SFHp,"Lemonade Mimosas",1524775972.848
"Curren$y",201000,2JYAaJNFgpDsaIbaOeGYPu,"Famous",1524775776.067
