"The Internet",440013,300DUx4tdtCdGEUXR032jA,"Palace/Curse",1524626123.8
"Nas",293973,5zwz05jkQVT68CjUpPwFZe,"N.Y. State of Mind",1524625835.882
"Nas",260800,2PRsh2LNPxoxC9OnErnelg,"Halftime",1524625566.015
"Dom Kennedy",149639,5JpkV4nf0RwaIBQZgpO4pM,"Thank You Biggie",1524625421.393
"Elements of Music",95400,3SF18NZ8KPmzj0SrfMiDON,"Www.Int",1524625330.99
"High Klassified",180793,3tSegjLsK6l2PEUtqK1RMb,"Gold",1524625155.196
"Devin The Dude",316360,4aPTrOPzmdOF2Qmhhcr07p,"Doobie Ashtray",1524624765.327
"Thelonious Martin",131371,6PQcT3UDWcO58RoEI33VpM,"Malcom Interlude",1524624610.513
"Jon Bap",198663,1ZEDIDPTVlmIs6VoqR56Y6,"Don’t Run Into The Dark So Quick",1524624405.711
"Elements of Music",215772,2O95q589XTVHxlbaCrc3yB,"I Don't Know (feat. Adad)",1524624194.91
"Abhi The Nomad",217777,6cvRSOoJKvQwS0oDt0TePP,"Sex n' Drugs",1524623982.171
"Calez",251062,49aG1aeAhtoAr9zxNK2bg4,"Play Last",1524623736.082
"MF DOOM",200653,1DxaNpUujd8r0rSiv8uCFA,"Potholderz feat. Count Bass D",1524623541.523
"DJ Cam Quartet",299693,4aNsaULjrRRMUPXP9IcDEa,"Rebirth of Cool",1524623238.902
"KOOL A.D.",260310,38QLhjzeD6N4QXyhep46Yi,"The Front",1524622984.541
"Dom Kennedy",193820,0mzYS3g5DbtQQ1yLnJn72T,"Lemonade",1524622785.764
"Shafiq Husayn",258766,36zo4OJWNRgABwaf8QXWoP,"It's Better for You (feat. Anderson Paak)",1524622532.023
"The O'My's",290168,6QLohX5uCc2NC5LGTRnmDT,"Bout a Dolla (feat. Chuck Inglish, Chance the Rapper, Chip tha Ripper & Twista)",1524622246.828
"Big Sean",223493,3JaQQnAGa5pIqhqSiA7r2f,"Outro",1524622028.337
"CRIMEAPPLE",240000,4ouQkak8DBTNd4pNSnjYap,"Thought You Should Know",1524621793.4
